donation_id,brand,clothing_type,most_dominant_fiber,dominant_fiber_lookup,fs_bio_share,biodeg_score,biodeg_tier,ncr_city,barangay,latitude,longitude,artisan_id,artisan_name,artisan_target_fibers_str,matched_fiber,artisan_lat,artisan_lon,distance_km,pct_target_fiber,biodeg_target_fiber,artisan_min_biodeg,artisan_max_dist_km,is_match,predicted_match,predicted_label,match_probability,predicted_at
DNR-000E3C8C,penshoppe,dress,cotton,cotton,100.0,92.0,high,pateros,san pedro,14.523891999996122,121.0664669165419,art-003,Makati Upcycle Studio,"cotton,viscose,tencel",cotton,14.5567949,121.0211226,6.1,100.0,92,55,10.0,1,1,match,0.8137,2026-02-25T16:36:02.446709
DNR-000E3C8C,penshoppe,dress,cotton,cotton,100.0,92.0,high,pateros,san pedro,14.523891999996122,121.0664669165419,art-004,Pasig Natural Threads,"viscose,cotton",cotton,14.5605166,121.0764343,4.211,100.0,92,50,15.0,1,1,match,0.7864,2026-02-25T16:36:02.446709
DNR-000E3C8C,mango,shirt,cotton,cotton,100.0,92.0,high,pateros,san pedro,14.523891999996122,121.0664669165419,art-004,Pasig Natural Threads,"viscose,cotton",cotton,14.5605166,121.0764343,4.211,100.0,92,50,15.0,1,1,match,0.7579,2026-02-25T16:36:02.446709
DNR-000E3C8C,mango,shirt,cotton,cotton,100.0,92.0,high,pateros,san pedro,14.523891999996122,121.0664669165419,art-003,Makati Upcycle Studio,"cotton,viscose,tencel",cotton,14.5567949,121.0211226,6.1,100.0,92,55,10.0,1,1,match,0.7509,2026-02-25T16:36:02.446709
DNR-000E3C8C,penshoppe,dress,cotton,cotton,60.0,58.4,medium,pateros,san pedro,14.523891999996122,121.0664669165419,art-003,Makati Upcycle Studio,"cotton,viscose,tencel",cotton,14.5567949,121.0211226,6.1,60.0,92,55,10.0,0,1,match,0.7374,2026-02-25T16:36:02.446709
DNR-000E3C8C,penshoppe,dress,cotton,cotton,100.0,92.0,high,pateros,san pedro,14.523891999996122,121.0664669165419,art-005,Marikina Heritage Weavers,"alpaca,cotton",cotton,14.6331084,121.0993541,12.649,100.0,92,65,20.0,1,1,match,0.7315,2026-02-25T16:36:02.446709
DNR-000E3C8C,penshoppe,dress,cotton,cotton,60.0,58.4,medium,pateros,san pedro,14.523891999996122,121.0664669165419,art-006,Taguig EcoFabric Lab,"nylon,polyester",polyester,14.5270538,121.0744942,0.933,40.0,8,30,14.0,0,1,match,0.7101,2026-02-25T16:36:02.446709
DNR-000E3C8C,penshoppe,dress,cotton,cotton,60.0,58.4,medium,pateros,san pedro,14.523891999996122,121.0664669165419,art-004,Pasig Natural Threads,"viscose,cotton",cotton,14.5605166,121.0764343,4.211,60.0,92,50,15.0,0,1,match,0.703,2026-02-25T16:36:02.446709
DNR-000E3C8C,penshoppe,dress,cotton,cotton,100.0,92.0,high,pateros,san pedro,14.523891999996122,121.0664669165419,art-001,Habi Weaves Ermita,"cotton,tencel",cotton,14.5904492,120.9803621,11.86,100.0,92,60,12.0,1,1,match,0.6628,2026-02-25T16:36:02.446709
DNR-000E3C8C,mango,shirt,cotton,cotton,100.0,92.0,high,pateros,san pedro,14.523891999996122,121.0664669165419,art-005,Marikina Heritage Weavers,"alpaca,cotton",cotton,14.6331084,121.0993541,12.649,100.0,92,65,20.0,1,1,match,0.6508,2026-02-25T16:36:02.446709
DNR-000E3C8C,mango,shirt,cotton,cotton,100.0,92.0,high,pateros,san pedro,14.523891999996122,121.0664669165419,art-001,Habi Weaves Ermita,"cotton,tencel",cotton,14.5904492,120.9803621,11.86,100.0,92,60,12.0,1,1,match,0.6456,2026-02-25T16:36:02.446709
DNR-005F3704,mango,shirt,cotton,cotton,100.0,92.0,high,pasay,malibay,14.534317832069103,121.01126329006976,art-001,Habi Weaves Ermita,"cotton,tencel",cotton,14.5904492,120.9803621,7.072,100.0,92,60,12.0,1,1,match,0.8356,2026-02-25T16:36:02.446709
DNR-005F3704,mango,shirt,cotton,cotton,100.0,92.0,high,pasay,malibay,14.534317832069103,121.01126329006976,art-004,Pasig Natural Threads,"viscose,cotton",cotton,14.5605166,121.0764343,7.595,100.0,92,50,15.0,1,1,match,0.8174,2026-02-25T16:36:02.446709
DNR-005F3704,mango,shirt,cotton,cotton,100.0,92.0,high,pasay,malibay,14.534317832069103,121.01126329006976,art-003,Makati Upcycle Studio,"cotton,viscose,tencel",cotton,14.5567949,121.0211226,2.715,100.0,92,55,10.0,1,1,match,0.812,2026-02-25T16:36:02.446709
DNR-005F3704,penshoppe,dress,cotton,cotton,92.0,75.76,medium,pasay,malibay,14.534317832069103,121.01126329006976,art-003,Makati Upcycle Studio,"cotton,viscose,tencel",cotton,14.5567949,121.0211226,2.715,46.0,92,55,10.0,0,1,match,0.7693,2026-02-25T16:36:02.446709
DNR-005F3704,penshoppe,dress,cotton,cotton,92.0,75.76,medium,pasay,malibay,14.534317832069103,121.01126329006976,art-004,Pasig Natural Threads,"viscose,cotton",viscose,14.5605166,121.0764343,7.595,46.0,72,50,15.0,0,1,match,0.7425,2026-02-25T16:36:02.446709
DNR-005F3704,penshoppe,dress,cotton,cotton,92.0,75.76,medium,pasay,malibay,14.534317832069103,121.01126329006976,art-002,Diliman Fiber Collective,"tencel,viscose",viscose,14.6510546,121.0486254,13.589,46.0,72,70,18.0,0,1,match,0.7372,2026-02-25T16:36:02.446709
DNR-005F3704,penshoppe,dress,cotton,cotton,92.0,75.76,medium,pasay,malibay,14.534317832069103,121.01126329006976,art-005,Marikina Heritage Weavers,"alpaca,cotton",cotton,14.6331084,121.0993541,14.51,46.0,92,65,20.0,0,1,match,0.7372,2026-02-25T16:36:02.446709
DNR-005F3704,penshoppe,dress,polyester,polyester,35.0,37.4,low,pasay,malibay,14.534317832069103,121.01126329006976,art-006,Taguig EcoFabric Lab,"nylon,polyester",polyester,14.5270538,121.0744942,6.854,65.0,8,30,14.0,0,1,match,0.7123,2026-02-25T16:36:02.446709
DNR-005F3704,mango,shirt,cotton,cotton,100.0,92.0,high,pasay,malibay,14.534317832069103,121.01126329006976,art-005,Marikina Heritage Weavers,"alpaca,cotton",cotton,14.6331084,121.0993541,14.51,100.0,92,65,20.0,1,1,match,0.6947,2026-02-25T16:36:02.446709
DNR-005F3704,penshoppe,dress,cotton,cotton,92.0,75.76,medium,pasay,malibay,14.534317832069103,121.01126329006976,art-001,Habi Weaves Ermita,"cotton,tencel",cotton,14.5904492,120.9803621,7.072,46.0,92,60,12.0,0,1,match,0.5807,2026-02-25T16:36:02.446709
DNR-1DB782CD,mango,shirt,cotton,cotton,100.0,92.0,high,navotas,northbay boulevard norte,14.66014655803727,120.93816670490314,art-001,Habi Weaves Ermita,"cotton,tencel",cotton,14.5904492,120.9803621,8.982,100.0,92,60,12.0,1,1,match,0.621,2026-02-25T16:36:02.446709
DNR-1DB782CD,mango,shirt,cotton,cotton,100.0,92.0,high,navotas,northbay boulevard norte,14.66014655803727,120.93816670490314,art-005,Marikina Heritage Weavers,"alpaca,cotton",cotton,14.6331084,121.0993541,17.599,100.0,92,65,20.0,1,1,match,0.5604,2026-02-25T16:36:02.446709
DNR-20D46008,mango,shirt,cotton,cotton,100.0,92.0,high,caloocan,bagong silang,14.65140023875517,120.95501580513566,art-001,Habi Weaves Ermita,"cotton,tencel",cotton,14.5904492,120.9803621,7.306,100.0,92,60,12.0,1,1,match,0.7467,2026-02-25T16:36:02.446709
DNR-20D46008,mango,shirt,cotton,cotton,100.0,92.0,high,caloocan,bagong silang,14.65140023875517,120.95501580513566,art-005,Marikina Heritage Weavers,"alpaca,cotton",cotton,14.6331084,121.0993541,15.661,100.0,92,65,20.0,1,1,match,0.5778,2026-02-25T16:36:02.446709
DNR-246317FF,mango,t-shirt,cotton,cotton,100.0,92.0,high,makati,bel-air,14.548373349867127,121.02215622012358,art-001,Habi Weaves Ermita,"cotton,tencel",cotton,14.5904492,120.9803621,6.49,100.0,92,60,12.0,1,1,match,0.8356,2026-02-25T16:36:02.446709
DNR-246317FF,mango,t-shirt,cotton,cotton,100.0,92.0,high,makati,bel-air,14.548373349867127,121.02215622012358,art-004,Pasig Natural Threads,"viscose,cotton",cotton,14.5605166,121.0764343,5.996,100.0,92,50,15.0,1,1,match,0.8174,2026-02-25T16:36:02.446709
DNR-246317FF,mango,t-shirt,cotton,cotton,100.0,92.0,high,makati,bel-air,14.548373349867127,121.02215622012358,art-003,Makati Upcycle Studio,"cotton,viscose,tencel",cotton,14.5567949,121.0211226,0.943,100.0,92,55,10.0,1,1,match,0.812,2026-02-25T16:36:02.446709
DNR-246317FF,penshoppe,dress,viscose,viscose,75.0,56.0,medium,makati,bel-air,14.548373349867127,121.02215622012358,art-004,Pasig Natural Threads,"viscose,cotton",viscose,14.5605166,121.0764343,5.996,75.0,72,50,15.0,0,1,match,0.7971,2026-02-25T16:36:02.446709
DNR-246317FF,penshoppe,dress,cotton,cotton,60.0,58.4,medium,makati,bel-air,14.548373349867127,121.02215622012358,art-006,Taguig EcoFabric Lab,"nylon,polyester",polyester,14.5270538,121.0744942,6.112,40.0,8,30,14.0,0,1,match,0.7955,2026-02-25T16:36:02.446709
DNR-246317FF,penshoppe,dress,viscose,viscose,75.0,56.0,medium,makati,bel-air,14.548373349867127,121.02215622012358,art-003,Makati Upcycle Studio,"cotton,viscose,tencel",viscose,14.5567949,121.0211226,0.943,75.0,72,55,10.0,0,1,match,0.7809,2026-02-25T16:36:02.446709
DNR-246317FF,penshoppe,dress,cotton,cotton,60.0,58.4,medium,makati,bel-air,14.548373349867127,121.02215622012358,art-003,Makati Upcycle Studio,"cotton,viscose,tencel",cotton,14.5567949,121.0211226,0.943,60.0,92,55,10.0,0,1,match,0.7456,2026-02-25T16:36:02.446709
DNR-246317FF,penshoppe,dress,polyester,polyester,35.0,37.4,low,makati,bel-air,14.548373349867127,121.02215622012358,art-006,Taguig EcoFabric Lab,"nylon,polyester",polyester,14.5270538,121.0744942,6.112,65.0,8,30,14.0,0,1,match,0.7123,2026-02-25T16:36:02.446709
DNR-246317FF,penshoppe,dress,cotton,cotton,60.0,58.4,medium,makati,bel-air,14.548373349867127,121.02215622012358,art-004,Pasig Natural Threads,"viscose,cotton",cotton,14.5605166,121.0764343,5.996,60.0,92,50,15.0,0,1,match,0.7114,2026-02-25T16:36:02.446709
DNR-246317FF,mango,t-shirt,cotton,cotton,100.0,92.0,high,makati,bel-air,14.548373349867127,121.02215622012358,art-005,Marikina Heritage Weavers,"alpaca,cotton",cotton,14.6331084,121.0993541,12.561,100.0,92,65,20.0,1,1,match,0.6947,2026-02-25T16:36:02.446709
DNR-246317FF,penshoppe,dress,viscose,viscose,75.0,56.0,medium,makati,bel-air,14.548373349867127,121.02215622012358,art-006,Taguig EcoFabric Lab,"nylon,polyester",polyester,14.5270538,121.0744942,6.112,25.0,8,30,14.0,0,1,match,0.6489,2026-02-25T16:36:02.446709
DNR-246317FF,penshoppe,dress,viscose,viscose,75.0,56.0,medium,makati,bel-air,14.548373349867127,121.02215622012358,art-002,Diliman Fiber Collective,"tencel,viscose",viscose,14.6510546,121.0486254,11.768,75.0,72,70,18.0,0,1,match,0.6044,2026-02-25T16:36:02.446709
DNR-438B31FE,penshoppe,dress,polyester,polyester,35.0,37.4,low,las piñas,almanza uno,14.45626931348755,120.9961323188751,art-006,Taguig EcoFabric Lab,"nylon,polyester",polyester,14.5270538,121.0744942,11.538,65.0,8,30,14.0,0,1,match,0.607,2026-02-25T16:36:02.446709
DNR-438B31FE,mango,shirt,cotton,cotton,100.0,92.0,high,las piñas,almanza uno,14.45626931348755,120.9961323188751,art-005,Marikina Heritage Weavers,"alpaca,cotton",cotton,14.6331084,121.0993541,22.585,100.0,92,65,20.0,0,1,match,0.6023,2026-02-25T16:36:02.446709
DNR-438B31FE,mango,shirt,cotton,cotton,100.0,92.0,high,las piñas,almanza uno,14.45626931348755,120.9961323188751,art-001,Habi Weaves Ermita,"cotton,tencel",cotton,14.5904492,120.9803621,15.016,100.0,92,60,12.0,0,1,match,0.5882,2026-02-25T16:36:02.446709
DNR-438B31FE,penshoppe,dress,polyester,polyester,35.0,37.4,low,las piñas,almanza uno,14.45626931348755,120.9961323188751,art-006,Taguig EcoFabric Lab,"nylon,polyester",polyester,14.5270538,121.0744942,11.538,65.0,8,30,14.0,0,1,match,0.5576,2026-02-25T16:36:02.446709
DNR-438B31FE,mango,shirt,cotton,cotton,100.0,92.0,high,las piñas,almanza uno,14.45626931348755,120.9961323188751,art-004,Pasig Natural Threads,"viscose,cotton",cotton,14.5605166,121.0764343,14.46,100.0,92,50,15.0,1,1,match,0.5061,2026-02-25T16:36:02.446709
DNR-44925C2A,mango,t-shirt,cotton,cotton,100.0,92.0,high,parañaque,bf homes,14.516949680663542,120.98870340994137,art-001,Habi Weaves Ermita,"cotton,tencel",cotton,14.5904492,120.9803621,8.222,100.0,92,60,12.0,1,1,match,0.8067,2026-02-25T16:36:02.446709
DNR-44925C2A,mango,t-shirt,cotton,cotton,100.0,92.0,high,parañaque,bf homes,14.516949680663542,120.98870340994137,art-003,Makati Upcycle Studio,"cotton,viscose,tencel",cotton,14.5567949,121.0211226,5.64,100.0,92,55,10.0,1,1,match,0.7967,2026-02-25T16:36:02.446709
DNR-44925C2A,penshoppe,dress,cotton,cotton,60.0,58.4,medium,parañaque,bf homes,14.516949680663542,120.98870340994137,art-006,Taguig EcoFabric Lab,"nylon,polyester",polyester,14.5270538,121.0744942,9.303,40.0,8,30,14.0,0,1,match,0.7769,2026-02-25T16:36:02.446709
DNR-44925C2A,penshoppe,dress,cotton,cotton,60.0,58.4,medium,parañaque,bf homes,14.516949680663542,120.98870340994137,art-003,Makati Upcycle Studio,"cotton,viscose,tencel",cotton,14.5567949,121.0211226,5.64,60.0,92,55,10.0,0,1,match,0.7609,2026-02-25T16:36:02.446709
DNR-44925C2A,penshoppe,dress,polyester,polyester,35.0,37.4,low,parañaque,bf homes,14.516949680663542,120.98870340994137,art-006,Taguig EcoFabric Lab,"nylon,polyester",polyester,14.5270538,121.0744942,9.303,65.0,8,30,14.0,0,1,match,0.7499,2026-02-25T16:36:02.446709
DNR-44925C2A,penshoppe,dress,polyester,polyester,35.0,37.4,low,parañaque,bf homes,14.516949680663542,120.98870340994137,art-006,Taguig EcoFabric Lab,"nylon,polyester",polyester,14.5270538,121.0744942,9.303,65.0,8,30,14.0,0,1,match,0.7098,2026-02-25T16:36:02.446709
DNR-44925C2A,mango,t-shirt,cotton,cotton,100.0,92.0,high,parañaque,bf homes,14.516949680663542,120.98870340994137,art-004,Pasig Natural Threads,"viscose,cotton",cotton,14.5605166,121.0764343,10.613,100.0,92,50,15.0,1,1,match,0.675,2026-02-25T16:36:02.446709
DNR-44925C2A,mango,t-shirt,cotton,cotton,100.0,92.0,high,parañaque,bf homes,14.516949680663542,120.98870340994137,art-005,Marikina Heritage Weavers,"alpaca,cotton",cotton,14.6331084,121.0993541,17.568,100.0,92,65,20.0,1,1,match,0.6416,2026-02-25T16:36:02.446709
DNR-44925C2A,penshoppe,dress,cotton,cotton,60.0,58.4,medium,parañaque,bf homes,14.516949680663542,120.98870340994137,art-004,Pasig Natural Threads,"viscose,cotton",cotton,14.5605166,121.0764343,10.613,60.0,92,50,15.0,0,1,match,0.5542,2026-02-25T16:36:02.446709
DNR-53F848DE,penshoppe,dress,cotton,cotton,100.0,92.0,high,mandaluyong,wack-wack greenhills,14.57591699056379,121.01837086795422,art-003,Makati Upcycle Studio,"cotton,viscose,tencel",cotton,14.5567949,121.0211226,2.147,100.0,92,55,10.0,1,1,match,0.8794,2026-02-25T16:36:02.446709
DNR-53F848DE,mango,dress,cotton,cotton,100.0,92.0,high,mandaluyong,wack-wack greenhills,14.57591699056379,121.01837086795422,art-003,Makati Upcycle Studio,"cotton,viscose,tencel",cotton,14.5567949,121.0211226,2.147,100.0,92,55,10.0,1,1,match,0.8794,2026-02-25T16:36:02.446709
DNR-53F848DE,penshoppe,dress,cotton,cotton,100.0,92.0,high,mandaluyong,wack-wack greenhills,14.57591699056379,121.01837086795422,art-005,Marikina Heritage Weavers,"alpaca,cotton",cotton,14.6331084,121.0993541,10.788,100.0,92,65,20.0,1,1,match,0.8726,2026-02-25T16:36:02.446709
DNR-53F848DE,penshoppe,dress,cotton,cotton,100.0,92.0,high,mandaluyong,wack-wack greenhills,14.57591699056379,121.01837086795422,art-004,Pasig Natural Threads,"viscose,cotton",cotton,14.5605166,121.0764343,6.479,100.0,92,50,15.0,1,1,match,0.8597,2026-02-25T16:36:02.446709
DNR-53F848DE,mango,dress,cotton,cotton,100.0,92.0,high,mandaluyong,wack-wack greenhills,14.57591699056379,121.01837086795422,art-004,Pasig Natural Threads,"viscose,cotton",cotton,14.5605166,121.0764343,6.479,100.0,92,50,15.0,1,1,match,0.8597,2026-02-25T16:36:02.446709
DNR-53F848DE,mango,dress,cotton,cotton,100.0,92.0,high,mandaluyong,wack-wack greenhills,14.57591699056379,121.01837086795422,art-005,Marikina Heritage Weavers,"alpaca,cotton",cotton,14.6331084,121.0993541,10.788,100.0,92,65,20.0,1,1,match,0.8485,2026-02-25T16:36:02.446709
DNR-53F848DE,mango,dress,cotton,cotton,100.0,92.0,high,mandaluyong,wack-wack greenhills,14.57591699056379,121.01837086795422,art-001,Habi Weaves Ermita,"cotton,tencel",cotton,14.5904492,120.9803621,4.398,100.0,92,60,12.0,1,1,match,0.8392,2026-02-25T16:36:02.446709
DNR-53F848DE,mango,shirt,cotton,cotton,100.0,92.0,high,mandaluyong,wack-wack greenhills,14.57591699056379,121.01837086795422,art-001,Habi Weaves Ermita,"cotton,tencel",cotton,14.5904492,120.9803621,4.398,100.0,92,60,12.0,1,1,match,0.8356,2026-02-25T16:36:02.446709
DNR-53F848DE,mango,shirt,cotton,cotton,100.0,92.0,high,mandaluyong,wack-wack greenhills,14.57591699056379,121.01837086795422,art-004,Pasig Natural Threads,"viscose,cotton",cotton,14.5605166,121.0764343,6.479,100.0,92,50,15.0,1,1,match,0.8174,2026-02-25T16:36:02.446709
DNR-53F848DE,mango,shirt,cotton,cotton,100.0,92.0,high,mandaluyong,wack-wack greenhills,14.57591699056379,121.01837086795422,art-003,Makati Upcycle Studio,"cotton,viscose,tencel",cotton,14.5567949,121.0211226,2.147,100.0,92,55,10.0,1,1,match,0.812,2026-02-25T16:36:02.446709
DNR-53F848DE,penshoppe,dress,cotton,cotton,100.0,92.0,high,mandaluyong,wack-wack greenhills,14.57591699056379,121.01837086795422,art-001,Habi Weaves Ermita,"cotton,tencel",cotton,14.5904492,120.9803621,4.398,100.0,92,60,12.0,1,1,match,0.8114,2026-02-25T16:36:02.446709
DNR-53F848DE,mango,shirt,cotton,cotton,100.0,92.0,high,mandaluyong,wack-wack greenhills,14.57591699056379,121.01837086795422,art-005,Marikina Heritage Weavers,"alpaca,cotton",cotton,14.6331084,121.0993541,10.788,100.0,92,65,20.0,1,1,match,0.801,2026-02-25T16:36:02.446709
DNR-53F848DE,penshoppe,dress,polyester,polyester,35.0,37.4,low,mandaluyong,wack-wack greenhills,14.57591699056379,121.01837086795422,art-006,Taguig EcoFabric Lab,"nylon,polyester",polyester,14.5270538,121.0744942,8.125,65.0,8,30,14.0,0,1,match,0.7521,2026-02-25T16:36:02.446709
DNR-53F848DE,penshoppe,dress,polyester,polyester,30.0,33.2,low,mandaluyong,wack-wack greenhills,14.57591699056379,121.01837086795422,art-006,Taguig EcoFabric Lab,"nylon,polyester",polyester,14.5270538,121.0744942,8.125,70.0,8,30,14.0,0,1,match,0.5412,2026-02-25T16:36:02.446709
DNR-55F4CC0A,penshoppe,dress,polyester,polyester,35.0,37.4,low,marikina,concepcion uno,14.618226568239761,121.08965193120753,art-006,Taguig EcoFabric Lab,"nylon,polyester",polyester,14.5270538,121.0744942,10.268,65.0,8,30,14.0,0,1,match,0.5883,2026-02-25T16:36:02.446709
DNR-577B0E83,penshoppe,dress,cotton,cotton,100.0,92.0,high,pateros,san pedro,14.541699421987603,121.08506389599556,art-003,Makati Upcycle Studio,"cotton,viscose,tencel",cotton,14.5567949,121.0211226,7.084,100.0,92,55,10.0,1,1,match,0.7809,2026-02-25T16:36:02.446709
DNR-577B0E83,penshoppe,dress,cotton,cotton,100.0,92.0,high,pateros,san pedro,14.541699421987603,121.08506389599556,art-005,Marikina Heritage Weavers,"alpaca,cotton",cotton,14.6331084,121.0993541,10.28,100.0,92,65,20.0,1,1,match,0.7525,2026-02-25T16:36:02.446709
DNR-577B0E83,penshoppe,dress,cotton,cotton,100.0,92.0,high,pateros,san pedro,14.541699421987603,121.08506389599556,art-004,Pasig Natural Threads,"viscose,cotton",cotton,14.5605166,121.0764343,2.289,100.0,92,50,15.0,1,1,match,0.7503,2026-02-25T16:36:02.446709
DNR-577B0E83,penshoppe,dress,cotton,cotton,100.0,92.0,high,pateros,san pedro,14.541699421987603,121.08506389599556,art-001,Habi Weaves Ermita,"cotton,tencel",cotton,14.5904492,120.9803621,12.504,100.0,92,60,12.0,0,1,match,0.616,2026-02-25T16:36:02.446709
DNR-90C1F943,penshoppe,dress,polyester,polyester,35.0,37.4,low,pasig,kapitolyo,14.553242898406493,121.09996920121975,art-006,Taguig EcoFabric Lab,"nylon,polyester",polyester,14.5270538,121.0744942,4.0,65.0,8,30,14.0,0,1,match,0.7463,2026-02-25T16:36:02.446709
DNR-ABDA0E4A,penshoppe,dress,cotton,cotton,98.0,90.24,high,pateros,san pedro,14.555600009457951,121.06460207510719,art-003,Makati Upcycle Studio,"cotton,viscose,tencel",cotton,14.5567949,121.0211226,4.681,98.0,92,55,10.0,1,1,match,0.8062,2026-02-25T16:36:02.446709
DNR-ABDA0E4A,penshoppe,dress,cotton,cotton,98.0,90.24,high,pateros,san pedro,14.555600009457951,121.06460207510719,art-004,Pasig Natural Threads,"viscose,cotton",cotton,14.5605166,121.0764343,1.386,98.0,92,50,15.0,1,1,match,0.778,2026-02-25T16:36:02.446709
DNR-ABDA0E4A,penshoppe,dress,cotton,cotton,98.0,90.24,high,pateros,san pedro,14.555600009457951,121.06460207510719,art-005,Marikina Heritage Weavers,"alpaca,cotton",cotton,14.6331084,121.0993541,9.395,98.0,92,65,20.0,1,1,match,0.7694,2026-02-25T16:36:02.446709
DNR-ABDA0E4A,penshoppe,dress,cotton,cotton,60.0,58.4,medium,pateros,san pedro,14.555600009457951,121.06460207510719,art-003,Makati Upcycle Studio,"cotton,viscose,tencel",cotton,14.5567949,121.0211226,4.681,60.0,92,55,10.0,0,1,match,0.7273,2026-02-25T16:36:02.446709
DNR-ABDA0E4A,penshoppe,dress,cotton,cotton,98.0,90.24,high,pateros,san pedro,14.555600009457951,121.06460207510719,art-001,Habi Weaves Ermita,"cotton,tencel",cotton,14.5904492,120.9803621,9.859,98.0,92,60,12.0,1,1,match,0.7066,2026-02-25T16:36:02.446709
DNR-ABDA0E4A,penshoppe,dress,cotton,cotton,60.0,58.4,medium,pateros,san pedro,14.555600009457951,121.06460207510719,art-004,Pasig Natural Threads,"viscose,cotton",cotton,14.5605166,121.0764343,1.386,60.0,92,50,15.0,0,1,match,0.6921,2026-02-25T16:36:02.446709
DNR-ABDA0E4A,penshoppe,dress,cotton,cotton,60.0,58.4,medium,pateros,san pedro,14.555600009457951,121.06460207510719,art-006,Taguig EcoFabric Lab,"nylon,polyester",polyester,14.5270538,121.0744942,3.348,40.0,8,30,14.0,0,1,match,0.5891,2026-02-25T16:36:02.446709
DNR-AC5459A7,penshoppe,dress,cotton,cotton,82.0,76.8,medium,san juan,greenhills,14.591133274293266,121.00786203708445,art-001,Habi Weaves Ermita,"cotton,tencel",cotton,14.5904492,120.9803621,2.96,82.0,92,60,12.0,0,1,match,0.781,2026-02-25T16:36:02.446709
DNR-AC5459A7,penshoppe,dress,cotton,cotton,82.0,76.8,medium,san juan,greenhills,14.591133274293266,121.00786203708445,art-004,Pasig Natural Threads,"viscose,cotton",cotton,14.5605166,121.0764343,8.127,82.0,92,50,15.0,0,1,match,0.7708,2026-02-25T16:36:02.446709
DNR-AC5459A7,penshoppe,dress,cotton,cotton,82.0,76.8,medium,san juan,greenhills,14.591133274293266,121.00786203708445,art-005,Marikina Heritage Weavers,"alpaca,cotton",cotton,14.6331084,121.0993541,10.895,82.0,92,65,20.0,0,1,match,0.7548,2026-02-25T16:36:02.446709
DNR-AC5459A7,penshoppe,dress,cotton,cotton,82.0,76.8,medium,san juan,greenhills,14.591133274293266,121.00786203708445,art-003,Makati Upcycle Studio,"cotton,viscose,tencel",cotton,14.5567949,121.0211226,4.076,82.0,92,55,10.0,0,1,match,0.7425,2026-02-25T16:36:02.446709
DNR-AC5459A7,everlane,dress,tencel,tencel,100.0,91.4,high,san juan,greenhills,14.591133274293266,121.00786203708445,art-003,Makati Upcycle Studio,"cotton,viscose,tencel",tencel,14.5567949,121.0211226,4.076,60.0,91,55,10.0,0,1,match,0.7326,2026-02-25T16:36:02.446709
DNR-AC5459A7,everlane,dress,tencel,tencel,100.0,91.4,high,san juan,greenhills,14.591133274293266,121.00786203708445,art-001,Habi Weaves Ermita,"cotton,tencel",tencel,14.5904492,120.9803621,2.96,60.0,91,60,12.0,0,1,match,0.728,2026-02-25T16:36:02.446709
DNR-AC5459A7,penshoppe,dress,polyester,polyester,35.0,37.4,low,san juan,greenhills,14.591133274293266,121.00786203708445,art-006,Taguig EcoFabric Lab,"nylon,polyester",polyester,14.5270538,121.0744942,10.109,65.0,8,30,14.0,0,1,match,0.728,2026-02-25T16:36:02.446709
DNR-AC5459A7,penshoppe,dress,cotton,cotton,60.0,58.4,medium,san juan,greenhills,14.591133274293266,121.00786203708445,art-004,Pasig Natural Threads,"viscose,cotton",cotton,14.5605166,121.0764343,8.127,60.0,92,50,15.0,0,1,match,0.6933,2026-02-25T16:36:02.446709
DNR-AC5459A7,everlane,dress,tencel,tencel,100.0,91.4,high,san juan,greenhills,14.591133274293266,121.00786203708445,art-004,Pasig Natural Threads,"viscose,cotton",cotton,14.5605166,121.0764343,8.127,40.0,92,50,15.0,0,1,match,0.6931,2026-02-25T16:36:02.446709
DNR-AC5459A7,everlane,dress,tencel,tencel,100.0,91.4,high,san juan,greenhills,14.591133274293266,121.00786203708445,art-002,Diliman Fiber Collective,"tencel,viscose",tencel,14.6510546,121.0486254,7.977,60.0,91,70,18.0,0,1,match,0.6755,2026-02-25T16:36:02.446709
DNR-AC5459A7,penshoppe,dress,cotton,cotton,60.0,58.4,medium,san juan,greenhills,14.591133274293266,121.00786203708445,art-006,Taguig EcoFabric Lab,"nylon,polyester",polyester,14.5270538,121.0744942,10.109,40.0,8,30,14.0,0,1,match,0.6602,2026-02-25T16:36:02.446709
DNR-AC5459A7,penshoppe,dress,cotton,cotton,60.0,58.4,medium,san juan,greenhills,14.591133274293266,121.00786203708445,art-003,Makati Upcycle Studio,"cotton,viscose,tencel",cotton,14.5567949,121.0211226,4.076,60.0,92,55,10.0,0,1,match,0.6595,2026-02-25T16:36:02.446709
DNR-AC5459A7,everlane,dress,tencel,tencel,100.0,91.4,high,san juan,greenhills,14.591133274293266,121.00786203708445,art-005,Marikina Heritage Weavers,"alpaca,cotton",cotton,14.6331084,121.0993541,10.895,40.0,92,65,20.0,0,1,match,0.6425,2026-02-25T16:36:02.446709
DNR-AC5459A7,penshoppe,dress,cotton,cotton,55.0,54.2,medium,san juan,greenhills,14.591133274293266,121.00786203708445,art-004,Pasig Natural Threads,"viscose,cotton",cotton,14.5605166,121.0764343,8.127,55.0,92,50,15.0,0,1,match,0.5597,2026-02-25T16:36:02.446709
DNR-AC5459A7,penshoppe,dress,cotton,cotton,55.0,54.2,medium,san juan,greenhills,14.591133274293266,121.00786203708445,art-003,Makati Upcycle Studio,"cotton,viscose,tencel",cotton,14.5567949,121.0211226,4.076,55.0,92,55,10.0,0,1,match,0.5215,2026-02-25T16:36:02.446709
DNR-B0F2C0C2,penshoppe,dress,cotton,cotton,100.0,92.0,high,mandaluyong,wack-wack greenhills,14.593140219233302,121.0172459459954,art-003,Makati Upcycle Studio,"cotton,viscose,tencel",cotton,14.5567949,121.0211226,4.063,100.0,92,55,10.0,1,1,match,0.8794,2026-02-25T16:36:02.446709
DNR-B0F2C0C2,penshoppe,dress,cotton,cotton,100.0,92.0,high,mandaluyong,wack-wack greenhills,14.593140219233302,121.0172459459954,art-005,Marikina Heritage Weavers,"alpaca,cotton",cotton,14.6331084,121.0993541,9.89,100.0,92,65,20.0,1,1,match,0.8726,2026-02-25T16:36:02.446709
DNR-B0F2C0C2,penshoppe,dress,cotton,cotton,100.0,92.0,high,mandaluyong,wack-wack greenhills,14.593140219233302,121.0172459459954,art-004,Pasig Natural Threads,"viscose,cotton",cotton,14.5605166,121.0764343,7.33,100.0,92,50,15.0,1,1,match,0.8597,2026-02-25T16:36:02.446709
DNR-B0F2C0C2,penshoppe,dress,cotton,cotton,100.0,92.0,high,mandaluyong,wack-wack greenhills,14.593140219233302,121.0172459459954,art-001,Habi Weaves Ermita,"cotton,tencel",cotton,14.5904492,120.9803621,3.98,100.0,92,60,12.0,1,1,match,0.8114,2026-02-25T16:36:02.446709
DNR-B0F2C0C2,penshoppe,dress,cotton,cotton,60.0,58.4,medium,mandaluyong,wack-wack greenhills,14.593140219233302,121.0172459459954,art-006,Taguig EcoFabric Lab,"nylon,polyester",polyester,14.5270538,121.0744942,9.59,40.0,8,30,14.0,0,1,match,0.7623,2026-02-25T16:36:02.446709
DNR-B0F2C0C2,penshoppe,dress,cotton,cotton,60.0,58.4,medium,mandaluyong,wack-wack greenhills,14.593140219233302,121.0172459459954,art-003,Makati Upcycle Studio,"cotton,viscose,tencel",cotton,14.5567949,121.0211226,4.063,60.0,92,55,10.0,0,1,match,0.7456,2026-02-25T16:36:02.446709
DNR-B0F2C0C2,penshoppe,dress,cotton,cotton,60.0,58.4,medium,mandaluyong,wack-wack greenhills,14.593140219233302,121.0172459459954,art-004,Pasig Natural Threads,"viscose,cotton",cotton,14.5605166,121.0764343,7.33,60.0,92,50,15.0,0,1,match,0.7114,2026-02-25T16:36:02.446709
DNR-B2F30A88,mango,t-shirt,cotton,cotton,100.0,92.0,high,quezon city,diliman,14.65966660465199,121.03768708919196,art-005,Marikina Heritage Weavers,"alpaca,cotton",cotton,14.6331084,121.0993541,7.262,100.0,92,65,20.0,1,1,match,0.8316,2026-02-25T16:36:02.446709
DNR-B2F30A88,mango,t-shirt,cotton,cotton,100.0,92.0,high,quezon city,diliman,14.65966660465199,121.03768708919196,art-001,Habi Weaves Ermita,"cotton,tencel",cotton,14.5904492,120.9803621,9.863,100.0,92,60,12.0,1,1,match,0.783,2026-02-25T16:36:02.446709
DNR-B2F30A88,mango,t-shirt,cotton,cotton,100.0,92.0,high,quezon city,diliman,14.65966660465199,121.03768708919196,art-004,Pasig Natural Threads,"viscose,cotton",cotton,14.5605166,121.0764343,11.787,100.0,92,50,15.0,1,1,match,0.5964,2026-02-25T16:36:02.446709
DNR-B2F30A88,mango,t-shirt,cotton,cotton,100.0,92.0,high,quezon city,diliman,14.65966660465199,121.03768708919196,art-003,Makati Upcycle Studio,"cotton,viscose,tencel",cotton,14.5567949,121.0211226,11.577,100.0,92,55,10.0,0,1,match,0.5056,2026-02-25T16:36:02.446709
DNR-CF956D36,penshoppe,dress,cotton,cotton,60.0,58.4,medium,mandaluyong,wack-wack greenhills,14.556821695965805,121.01479759510603,art-006,Taguig EcoFabric Lab,"nylon,polyester",polyester,14.5270538,121.0744942,7.228,40.0,8,30,14.0,0,1,match,0.8086,2026-02-25T16:36:02.446709
DNR-CF956D36,penshoppe,dress,cotton,cotton,60.0,58.4,medium,mandaluyong,wack-wack greenhills,14.556821695965805,121.01479759510603,art-003,Makati Upcycle Studio,"cotton,viscose,tencel",cotton,14.5567949,121.0211226,0.681,60.0,92,55,10.0,0,1,match,0.7609,2026-02-25T16:36:02.446709
DNR-CF956D36,penshoppe,dress,cotton,cotton,60.0,58.4,medium,mandaluyong,wack-wack greenhills,14.556821695965805,121.01479759510603,art-004,Pasig Natural Threads,"viscose,cotton",cotton,14.5605166,121.0764343,6.646,60.0,92,50,15.0,0,1,match,0.7279,2026-02-25T16:36:02.446709
DNR-CF956D36,penshoppe,dress,viscose,viscose,100.0,72.0,medium,mandaluyong,wack-wack greenhills,14.556821695965805,121.01479759510603,art-002,Diliman Fiber Collective,"tencel,viscose",viscose,14.6510546,121.0486254,11.092,100.0,72,70,18.0,1,1,match,0.6999,2026-02-25T16:36:02.446709
DNR-CF956D36,penshoppe,dress,viscose,viscose,100.0,72.0,medium,mandaluyong,wack-wack greenhills,14.556821695965805,121.01479759510603,art-003,Makati Upcycle Studio,"cotton,viscose,tencel",viscose,14.5567949,121.0211226,0.681,100.0,72,55,10.0,1,1,match,0.6956,2026-02-25T16:36:02.446709
DNR-CF956D36,penshoppe,dress,viscose,viscose,100.0,72.0,medium,mandaluyong,wack-wack greenhills,14.556821695965805,121.01479759510603,art-004,Pasig Natural Threads,"viscose,cotton",viscose,14.5605166,121.0764343,6.646,100.0,72,50,15.0,1,1,match,0.6869,2026-02-25T16:36:02.446709
